StudentID;FirstName;FamilyName;sex;age;address;famsize;Pstatus;Medu;Fedu;Mjob;Fjob;reason;guardian;traveltime;studytime;failures;schoolsup;famsup;paid;activities;nursery;higher;internet;romantic;famrel;freetime;goout;Dalc;Walc;health;absences;FinalGrade
0.0;Rafael;Morais;F;18.0;U;GT3;A;4.0;4.0;at_home;teacher;course;mother;15-30m;2-5h;0.0;yes;no;no;no;yes;yes;no;no;4.0;3.0;4.0;1.0;1.0;3.0;6.0;6.0
1.0;Lara;Braga;F;17.0;U;GT3;T;1.0;1.0;at_home;other;course;father;<15m;2-5h;0.0;no;yes;no;no;no;yes;yes;no;5.0;3.0;3.0;1.0;1.0;3.0;4.0;6.0
2.0;Gonï¿½alo;Azevedo;F;15.0;U;LE3;T;1.0;1.0;at_home;other;other;mother;<15m;2-5h;3.0;yes;no;yes;no;yes;yes;yes;no;4.0;3.0;2.0;2.0;3.0;3.0;10.0;10.0
3.0;Lara;Perna;F;15.0;U;GT3;T;4.0;2.0;health;services;home;mother;<15m;5-10h;0.0;no;yes;yes;yes;yes;yes;yes;yes;3.0;2.0;2.0;1.0;1.0;5.0;2.0;15.0
4.0;Joï¿½o;Pires;F;16.0;U;GT3;T;3.0;3.0;other;other;home;father;<15m;2-5h;0.0;no;yes;yes;no;yes;yes;no;no;4.0;3.0;2.0;1.0;2.0;5.0;4.0;10.0
5.0;Rafael;Alva;M;16.0;U;LE3;T;4.0;3.0;services;other;reputation;mother;<15m;2-5h;0.0;no;yes;yes;yes;yes;yes;yes;no;5.0;4.0;2.0;1.0;2.0;5.0;10.0;15.0
6.0;Afonso;Da Luz;M;16.0;U;LE3;T;2.0;2.0;other;other;home;mother;<15m;2-5h;0.0;no;no;no;no;yes;yes;yes;no;4.0;4.0;4.0;1.0;1.0;3.0;0.0;11.0
7.0;Guilherme;Saraiva;F;17.0;U;GT3;A;4.0;4.0;other;teacher;home;mother;15-30m;2-5h;0.0;yes;yes;no;no;yes;yes;no;no;4.0;1.0;4.0;1.0;1.0;1.0;6.0;6.0
8.0;Lucas;Neves;M;15.0;U;LE3;A;3.0;2.0;services;other;home;mother;<15m;2-5h;0.0;no;yes;yes;no;yes;yes;yes;no;4.0;2.0;2.0;1.0;1.0;1.0;0.0;19.0
9.0;Sofia;Rocha;M;15.0;U;GT3;T;3.0;4.0;other;other;home;mother;<15m;2-5h;0.0;no;yes;yes;yes;yes;yes;yes;no;5.0;5.0;1.0;1.0;1.0;5.0;0.0;15.0
10.0;Rafael;Sanches;F;15.0;U;GT3;T;4.0;4.0;teacher;health;reputation;mother;<15m;2-5h;0.0;no;yes;yes;no;yes;yes;yes;no;3.0;3.0;3.0;1.0;2.0;2.0;0.0;9.0
11.0;Tiago;Pais;F;15.0;U;GT3;T;2.0;1.0;services;other;reputation;father;30-1h;5-10h;0.0;no;yes;no;yes;yes;yes;yes;no;5.0;2.0;2.0;1.0;1.0;4.0;4.0;12.0
12.0;Ana;Camara;M;15.0;U;LE3;T;4.0;4.0;health;services;course;father;<15m;<2h;0.0;no;yes;yes;yes;yes;yes;yes;no;4.0;3.0;3.0;1.0;3.0;5.0;2.0;14.0
13.0;Salvador;Coelho;M;15.0;U;GT3;T;4.0;3.0;teacher;other;course;mother;15-30m;2-5h;0.0;no;yes;yes;no;yes;yes;yes;no;5.0;4.0;3.0;1.0;2.0;3.0;2.0;11.0
14.0;Sofia;Candido;M;15.0;U;GT3;A;2.0;2.0;other;other;home;other;<15m;5-10h;0.0;no;yes;no;no;yes;yes;yes;yes;4.0;5.0;2.0;1.0;1.0;3.0;0.0;16.0
15.0;Joï¿½o;Raposo;F;16.0;U;GT3;T;4.0;4.0;health;other;home;mother;<15m;<2h;0.0;no;yes;no;no;yes;yes;yes;no;4.0;4.0;4.0;1.0;2.0;2.0;4.0;14.0
16.0;Gustavo;Janota;F;16.0;U;GT3;T;4.0;4.0;services;services;reputation;mother;<15m;5-10h;0.0;no;yes;yes;yes;yes;yes;yes;no;3.0;2.0;3.0;1.0;2.0;2.0;6.0;14.0
17.0;Lucas;Formoso;F;16.0;U;GT3;T;3.0;3.0;other;other;reputation;mother;30-1h;2-5h;0.0;yes;yes;no;yes;yes;yes;no;no;5.0;3.0;2.0;1.0;1.0;4.0;4.0;10.0
18.0;Guilherme;Ruelas;M;17.0;U;GT3;T;3.0;2.0;services;services;course;mother;<15m;<2h;3.0;no;yes;no;yes;yes;yes;yes;no;5.0;5.0;5.0;2.0;4.0;5.0;16.0;5.0
19.0;Ana;Marroquin;M;16.0;U;LE3;T;4.0;3.0;health;other;home;father;<15m;<2h;0.0;no;no;yes;yes;yes;yes;yes;no;3.0;1.0;3.0;1.0;3.0;5.0;4.0;10.0
20.0;Lourenï¿½o;Gale;M;15.0;U;GT3;T;4.0;3.0;teacher;other;reputation;mother;<15m;2-5h;0.0;no;no;no;no;yes;yes;yes;no;4.0;4.0;1.0;1.0;1.0;1.0;0.0;15.0
21.0;Duarte;Chao;M;15.0;U;GT3;T;4.0;4.0;health;health;other;father;<15m;<2h;0.0;no;yes;yes;no;yes;yes;yes;no;5.0;4.0;2.0;1.0;1.0;5.0;0.0;15.0
22.0;Madalena;Lacerda;M;16.0;U;LE3;T;4.0;2.0;teacher;other;course;mother;<15m;2-5h;0.0;no;no;no;yes;yes;yes;yes;no;4.0;5.0;1.0;1.0;3.0;5.0;2.0;16.0
23.0;Rafael;Rodriques;M;16.0;U;LE3;T;2.0;2.0;other;other;reputation;mother;15-30m;2-5h;0.0;no;yes;no;yes;yes;yes;yes;no;5.0;4.0;4.0;2.0;4.0;5.0;0.0;12.0
24.0;Diana;Carris;F;15.0;R;GT3;T;2.0;4.0;services;health;course;mother;<15m;5-10h;0.0;yes;yes;yes;yes;yes;yes;yes;no;4.0;3.0;2.0;1.0;1.0;5.0;2.0;8.0
25.0;Francisco;Eanes;F;16.0;U;GT3;T;2.0;2.0;services;services;home;mother;<15m;<2h;2.0;no;yes;yes;no;no;yes;yes;no;1.0;2.0;2.0;1.0;3.0;5.0;14.0;8.0
26.0;Clara;Mau;M;15.0;U;GT3;T;2.0;2.0;other;other;home;mother;<15m;<2h;0.0;no;yes;yes;no;yes;yes;yes;no;4.0;2.0;2.0;1.0;2.0;5.0;2.0;11.0
27.0;Mariana;Baros;M;15.0;U;GT3;T;4.0;2.0;health;services;other;mother;<15m;<2h;0.0;no;no;yes;no;yes;yes;yes;no;2.0;2.0;4.0;2.0;4.0;1.0;4.0;15.0
28.0;Martim;Hilario;M;16.0;U;LE3;A;3.0;4.0;services;other;home;mother;<15m;2-5h;0.0;yes;yes;no;yes;yes;yes;yes;no;5.0;3.0;3.0;1.0;1.0;5.0;4.0;11.0
29.0;Santiago;Barreto;M;16.0;U;GT3;T;4.0;4.0;teacher;teacher;home;mother;<15m;2-5h;0.0;no;yes;yes;yes;yes;yes;yes;yes;4.0;4.0;5.0;5.0;5.0;5.0;16.0;11.0
30.0;Mariana;Botelho;M;15.0;U;GT3;T;4.0;4.0;health;services;home;mother;<15m;2-5h;0.0;no;yes;yes;no;no;yes;yes;no;5.0;4.0;2.0;3.0;4.0;5.0;0.0;12.0
31.0;Dinis;Formosa;M;15.0;U;GT3;T;4.0;4.0;services;services;reputation;mother;15-30m;2-5h;0.0;no;yes;no;yes;yes;yes;yes;no;4.0;3.0;1.0;1.0;1.0;5.0;0.0;17.0
32.0;Beatriz;Figueira;M;15.0;R;GT3;T;4.0;3.0;teacher;at_home;course;mother;<15m;2-5h;0.0;no;yes;no;yes;yes;yes;yes;yes;4.0;5.0;2.0;1.0;1.0;5.0;0.0;16.0
33.0;Rafael;Guardado;M;15.0;U;LE3;T;3.0;3.0;other;other;course;mother;<15m;2-5h;0.0;no;no;no;yes;no;yes;yes;no;5.0;3.0;2.0;1.0;1.0;2.0;0.0;12.0
34.0;Francisca;Marte;M;16.0;U;GT3;T;3.0;2.0;other;other;home;mother;<15m;<2h;0.0;no;yes;yes;no;no;yes;yes;no;5.0;4.0;3.0;1.0;1.0;5.0;0.0;15.0
35.0;Tomï¿½s;Alvares;F;15.0;U;GT3;T;2.0;3.0;other;other;other;father;15-30m;<2h;0.0;no;yes;no;yes;yes;yes;no;no;3.0;5.0;1.0;1.0;1.0;5.0;0.0;6.0
36.0;Maria;Alto;M;15.0;U;LE3;T;4.0;3.0;teacher;services;home;mother;<15m;5-10h;0.0;no;yes;no;yes;yes;yes;yes;no;5.0;4.0;3.0;1.0;1.0;4.0;2.0;18.0
37.0;Santiago;Caetano;M;16.0;R;GT3;A;4.0;4.0;other;teacher;reputation;mother;15-30m;5-10h;0.0;no;yes;no;yes;yes;yes;yes;yes;2.0;4.0;3.0;1.0;1.0;5.0;7.0;15.0
38.0;Salvador;De Melo;F;15.0;R;GT3;T;3.0;4.0;services;health;course;mother;<15m;5-10h;0.0;yes;yes;yes;yes;yes;yes;yes;no;4.0;3.0;2.0;1.0;1.0;5.0;2.0;11.0
39.0;Martim;De Julio;F;15.0;R;GT3;T;2.0;2.0;at_home;other;reputation;mother;<15m;<2h;0.0;yes;yes;yes;yes;yes;yes;no;no;4.0;3.0;1.0;1.0;1.0;2.0;8.0;13.0
40.0;Benedita;Nobriga;F;16.0;U;LE3;T;2.0;2.0;other;other;home;mother;15-30m;2-5h;1.0;no;yes;no;yes;no;yes;yes;yes;3.0;3.0;3.0;1.0;2.0;3.0;25.0;11.0
41.0;Santiago;Lois;M;15.0;U;LE3;T;4.0;4.0;teacher;other;home;other;<15m;<2h;0.0;no;yes;no;no;no;yes;yes;yes;5.0;4.0;3.0;2.0;4.0;5.0;8.0;12.0
42.0;Miguel;Almada;M;15.0;U;GT3;T;4.0;4.0;services;teacher;course;father;<15m;2-5h;0.0;no;yes;no;yes;yes;yes;yes;no;4.0;3.0;3.0;1.0;1.0;5.0;2.0;18.0
43.0;Rafael;Martines;M;15.0;U;GT3;T;2.0;2.0;services;services;course;father;<15m;<2h;0.0;yes;yes;no;no;yes;yes;yes;no;5.0;4.0;1.0;1.0;1.0;1.0;0.0;11.0
44.0;Gabriel;Cotta;F;16.0;U;LE3;T;2.0;2.0;other;at_home;course;father;15-30m;2-5h;1.0;yes;no;no;yes;yes;yes;yes;no;4.0;3.0;3.0;2.0;2.0;5.0;14.0;9.0
45.0;Duarte;Penso;F;15.0;U;LE3;A;4.0;3.0;other;other;course;mother;<15m;2-5h;0.0;yes;yes;yes;yes;yes;yes;yes;yes;5.0;2.0;2.0;1.0;1.0;5.0;8.0;6.0
46.0;Ana;De Moura;F;16.0;U;LE3;A;3.0;3.0;other;services;home;mother;<15m;2-5h;0.0;no;yes;no;no;yes;yes;yes;no;2.0;3.0;5.0;1.0;4.0;3.0;12.0;11.0
47.0;Tomï¿½s;Fosco;M;16.0;U;GT3;T;4.0;3.0;health;services;reputation;mother;<15m;>10h;0.0;no;no;no;yes;yes;yes;yes;no;4.0;2.0;2.0;1.0;1.0;2.0;4.0;20.0
48.0;Inï¿½s;De Freitas;M;15.0;U;GT3;T;4.0;2.0;teacher;other;home;mother;<15m;2-5h;0.0;no;yes;yes;no;yes;yes;no;no;4.0;3.0;3.0;2.0;2.0;5.0;2.0;14.0
49.0;Clara;Lias;F;15.0;U;GT3;T;4.0;4.0;services;teacher;other;father;<15m;2-5h;1.0;yes;yes;no;yes;no;yes;yes;no;4.0;4.0;4.0;1.0;1.0;3.0;2.0;7.0
50.0;Camila;Cunha;F;16.0;U;LE3;T;2.0;2.0;services;services;course;mother;30-1h;2-5h;0.0;no;yes;yes;no;yes;yes;yes;no;4.0;3.0;3.0;2.0;3.0;4.0;2.0;13.0
51.0;Joana;Araujo;F;15.0;U;LE3;T;4.0;2.0;health;other;other;mother;<15m;2-5h;0.0;no;yes;yes;no;yes;yes;yes;no;4.0;3.0;3.0;1.0;1.0;5.0;2.0;13.0
52.0;Francisco;De Mello;M;15.0;U;LE3;A;4.0;2.0;health;health;other;father;15-30m;<2h;1.0;no;no;no;no;yes;yes;no;no;5.0;5.0;5.0;3.0;4.0;5.0;6.0;10.0
53.0;Dinis;Simoes;F;15.0;U;GT3;T;4.0;4.0;services;services;course;mother;<15m;<2h;0.0;yes;yes;yes;no;yes;yes;yes;no;3.0;3.0;4.0;2.0;3.0;5.0;0.0;11.0
54.0;Santiago;Goncalves;F;15.0;U;LE3;A;3.0;3.0;other;other;other;mother;<15m;<2h;0.0;no;no;yes;no;yes;yes;yes;no;5.0;3.0;4.0;4.0;4.0;1.0;6.0;13.0
55.0;Lara;Basto;F;16.0;U;GT3;A;2.0;1.0;other;other;other;mother;<15m;2-5h;0.0;no;no;yes;yes;yes;yes;yes;yes;5.0;3.0;4.0;1.0;1.0;2.0;8.0;10.0
56.0;Salvador;Peixoto;F;15.0;U;GT3;A;4.0;3.0;services;services;reputation;mother;<15m;2-5h;0.0;no;yes;yes;yes;yes;yes;yes;no;4.0;3.0;2.0;1.0;1.0;1.0;0.0;15.0
57.0;Salvador;Da Cunha;M;15.0;U;GT3;T;4.0;4.0;teacher;health;reputation;mother;<15m;2-5h;0.0;no;yes;no;yes;yes;yes;no;no;3.0;2.0;2.0;1.0;1.0;5.0;4.0;15.0
58.0;Rafael;Gandara;M;15.0;U;LE3;T;1.0;2.0;other;at_home;home;father;<15m;2-5h;0.0;yes;yes;no;yes;yes;yes;yes;no;4.0;3.0;2.0;1.0;1.0;5.0;2.0;9.0
59.0;Rafael;Maestre;F;16.0;U;GT3;T;4.0;2.0;services;other;course;mother;<15m;2-5h;0.0;no;yes;no;no;yes;yes;yes;no;4.0;2.0;3.0;1.0;1.0;5.0;2.0;16.0
60.0;Sofia;Louro;F;16.0;R;GT3;T;4.0;4.0;health;teacher;other;mother;<15m;2-5h;0.0;no;yes;no;yes;yes;yes;no;no;2.0;4.0;4.0;2.0;3.0;4.0;6.0;11.0
61.0;Carolina;Quadros;F;16.0;U;GT3;T;1.0;1.0;services;services;course;father;>1h;<2h;0.0;yes;yes;no;yes;no;yes;yes;yes;5.0;5.0;5.0;5.0;5.0;5.0;6.0;11.0
62.0;Joï¿½o;Seda;F;16.0;U;LE3;T;1.0;2.0;other;services;reputation;father;<15m;2-5h;0.0;yes;no;no;yes;yes;yes;yes;no;4.0;4.0;3.0;1.0;1.0;1.0;4.0;9.0
63.0;Lourenï¿½o;De Armas;F;16.0;U;GT3;T;4.0;3.0;teacher;health;home;mother;<15m;5-10h;0.0;yes;yes;yes;yes;yes;yes;yes;no;3.0;4.0;4.0;2.0;4.0;4.0;2.0;9.0
64.0;Madalena;Cavaco;F;15.0;U;LE3;T;4.0;3.0;services;services;reputation;father;<15m;2-5h;0.0;yes;no;no;yes;yes;yes;yes;yes;4.0;4.0;4.0;2.0;4.0;2.0;0.0;10.0
65.0;Guilherme;Serpa;F;16.0;U;LE3;T;4.0;3.0;teacher;services;course;mother;30-1h;2-5h;0.0;no;yes;no;yes;yes;yes;yes;no;5.0;4.0;3.0;1.0;2.0;1.0;2.0;15.0
66.0;Lara;Madeiros;M;15.0;U;GT3;A;4.0;4.0;other;services;reputation;mother;<15m;>10h;0.0;no;yes;no;yes;no;yes;yes;yes;1.0;3.0;3.0;5.0;5.0;3.0;4.0;12.0
67.0;Alice;Reposa;F;16.0;U;GT3;T;3.0;1.0;services;other;course;mother;<15m;>10h;0.0;yes;yes;yes;no;yes;yes;yes;no;4.0;3.0;3.0;1.0;2.0;5.0;4.0;6.0
68.0;Mariana;Primo;F;15.0;R;LE3;T;2.0;2.0;health;services;reputation;mother;15-30m;2-5h;0.0;yes;yes;yes;no;yes;yes;yes;no;4.0;1.0;3.0;1.0;3.0;4.0;2.0;8.0
69.0;Leonor;Armao;F;15.0;R;LE3;T;3.0;1.0;other;other;reputation;father;15-30m;>10h;0.0;no;yes;no;no;no;yes;yes;no;4.0;4.0;2.0;2.0;3.0;3.0;12.0;16.0
70.0;Lucas;Sola;M;16.0;U;GT3;T;3.0;1.0;other;other;reputation;father;15-30m;>10h;0.0;no;yes;yes;no;yes;yes;yes;no;4.0;3.0;2.0;1.0;1.0;5.0;0.0;15.0
71.0;Santiago;Danca;M;15.0;U;GT3;T;4.0;2.0;other;other;course;mother;<15m;>10h;0.0;no;no;no;no;yes;yes;yes;no;3.0;3.0;3.0;1.0;1.0;3.0;0.0;10.0
72.0;Francisca;Diniz;F;15.0;R;GT3;T;1.0;1.0;other;other;reputation;mother;<15m;2-5h;2.0;yes;yes;no;no;no;yes;yes;yes;3.0;3.0;4.0;2.0;4.0;5.0;2.0;5.0
73.0;Inï¿½s;Martinho;M;16.0;U;GT3;T;3.0;1.0;other;other;reputation;mother;<15m;<2h;0.0;no;no;no;yes;yes;yes;no;no;5.0;3.0;2.0;2.0;2.0;5.0;2.0;14.0
74.0;Guilherme;Freire;F;16.0;U;GT3;T;3.0;3.0;other;services;home;mother;<15m;2-5h;0.0;yes;yes;yes;yes;yes;yes;yes;no;4.0;3.0;3.0;2.0;4.0;5.0;54.0;11.0
75.0;Dinis;De Sousa;M;15.0;U;GT3;T;4.0;3.0;teacher;other;home;mother;<15m;2-5h;0.0;no;yes;yes;yes;yes;yes;yes;no;4.0;3.0;3.0;2.0;3.0;5.0;6.0;10.0
76.0;Sofia;Pimental;M;15.0;U;GT3;T;4.0;0.0;teacher;other;course;mother;15-30m;>10h;0.0;no;no;no;yes;yes;yes;yes;no;3.0;4.0;3.0;1.0;1.0;1.0;8.0;10.0
77.0;Guilherme;Moura;F;16.0;U;GT3;T;2.0;2.0;other;other;reputation;mother;<15m;>10h;0.0;no;no;yes;no;yes;yes;yes;yes;5.0;2.0;3.0;1.0;3.0;3.0;0.0;11.0
78.0;Beatriz;Paulos;M;17.0;U;GT3;T;2.0;1.0;other;other;home;mother;15-30m;<2h;3.0;yes;yes;no;yes;yes;no;yes;no;4.0;5.0;1.0;1.0;1.0;3.0;2.0;10.0
79.0;Gabriel;De Barros;F;16.0;U;GT3;T;3.0;4.0;at_home;other;course;mother;<15m;2-5h;0.0;no;yes;no;no;yes;yes;yes;no;2.0;4.0;3.0;1.0;2.0;3.0;12.0;5.0
80.0;Matilde;Ines;M;15.0;U;GT3;T;2.0;3.0;other;services;course;father;<15m;<2h;0.0;yes;yes;yes;yes;no;yes;yes;yes;3.0;2.0;2.0;1.0;3.0;3.0;2.0;12.0
81.0;Lara;Sardinha;M;15.0;U;GT3;T;2.0;3.0;other;other;home;mother;<15m;5-10h;0.0;yes;no;yes;no;no;yes;yes;no;5.0;3.0;2.0;1.0;2.0;5.0;4.0;11.0
82.0;Francisco;Domingos;F;15.0;U;LE3;T;3.0;2.0;services;other;reputation;mother;<15m;2-5h;0.0;no;yes;yes;no;yes;yes;yes;no;4.0;4.0;4.0;1.0;1.0;5.0;10.0;6.0
83.0;Clara;Fidalgo;M;15.0;U;LE3;T;2.0;2.0;services;services;home;mother;15-30m;2-5h;0.0;no;no;yes;yes;yes;yes;yes;no;5.0;3.0;3.0;1.0;3.0;4.0;4.0;15.0
84.0;Guilherme;Corado;F;15.0;U;GT3;T;1.0;1.0;other;other;home;father;<15m;2-5h;0.0;no;yes;no;yes;no;yes;yes;no;4.0;3.0;2.0;2.0;3.0;4.0;2.0;10.0
85.0;Diana;Da Rosa;F;15.0;U;GT3;T;4.0;4.0;services;services;reputation;father;15-30m;2-5h;2.0;no;no;yes;no;yes;yes;yes;yes;4.0;4.0;4.0;2.0;3.0;5.0;6.0;8.0
86.0;Afonso;Cacho;F;16.0;U;LE3;T;2.0;2.0;at_home;other;course;mother;<15m;2-5h;0.0;no;yes;no;no;yes;yes;no;no;4.0;3.0;4.0;1.0;2.0;2.0;4.0;6.0
87.0;Gabriel;Solorio;F;15.0;U;GT3;T;4.0;2.0;other;other;reputation;mother;<15m;5-10h;0.0;no;yes;no;yes;yes;yes;yes;no;5.0;3.0;3.0;1.0;3.0;1.0;4.0;14.0
88.0;Lucas;De Pina;M;16.0;U;GT3;T;2.0;2.0;services;other;reputation;father;15-30m;2-5h;1.0;no;no;yes;yes;no;yes;yes;no;4.0;4.0;2.0;1.0;1.0;3.0;12.0;10.0
89.0;Miguel;Chico;M;16.0;U;LE3;A;4.0;4.0;teacher;health;reputation;mother;<15m;2-5h;0.0;no;yes;no;no;yes;yes;no;no;4.0;1.0;3.0;3.0;5.0;5.0;18.0;7.0
90.0;Afonso;Junior;F;16.0;U;GT3;T;3.0;3.0;other;other;home;mother;<15m;5-10h;0.0;no;yes;yes;no;yes;yes;yes;yes;4.0;3.0;3.0;1.0;3.0;4.0;0.0;8.0
91.0;Maria;Marques;F;15.0;U;GT3;T;4.0;3.0;services;other;reputation;mother;<15m;<2h;0.0;no;no;yes;yes;yes;yes;yes;no;4.0;5.0;5.0;1.0;3.0;1.0;4.0;18.0
92.0;Francisca;Magalhaes;F;16.0;U;LE3;T;3.0;1.0;other;other;home;father;<15m;2-5h;0.0;yes;yes;no;no;yes;yes;no;no;3.0;3.0;3.0;2.0;3.0;2.0;4.0;6.0
93.0;Camila;De Sa;F;16.0;U;GT3;T;4.0;2.0;teacher;services;home;mother;15-30m;2-5h;0.0;no;yes;yes;yes;yes;yes;yes;no;5.0;3.0;3.0;1.0;1.0;1.0;0.0;10.0
94.0;Martim;Neve;M;15.0;U;LE3;T;2.0;2.0;services;health;reputation;mother;<15m;>10h;0.0;no;yes;no;yes;yes;yes;yes;no;4.0;3.0;4.0;1.0;1.0;4.0;6.0;14.0
95.0;Lara;Souza;F;15.0;R;GT3;T;1.0;1.0;at_home;other;home;mother;15-30m;>10h;1.0;yes;yes;yes;yes;yes;yes;yes;no;3.0;1.0;2.0;1.0;1.0;1.0;2.0;10.0
96.0;Joï¿½o;Amorim;M;16.0;R;GT3;T;4.0;3.0;services;other;reputation;mother;15-30m;<2h;0.0;yes;yes;no;yes;no;yes;yes;no;3.0;3.0;3.0;1.0;1.0;4.0;2.0;15.0
97.0;Sofia;Mateus;F;16.0;U;GT3;T;2.0;1.0;other;other;course;mother;<15m;2-5h;0.0;no;yes;yes;no;yes;yes;no;yes;4.0;3.0;5.0;1.0;1.0;5.0;2.0;10.0
98.0;Inï¿½s;Simas;F;16.0;U;GT3;T;4.0;4.0;other;other;reputation;mother;<15m;<2h;0.0;no;no;no;yes;no;yes;yes;no;5.0;3.0;4.0;1.0;2.0;1.0;6.0;14.0
99.0;Diana;Damaso;F;16.0;U;GT3;T;4.0;3.0;other;at_home;course;mother;<15m;5-10h;0.0;yes;yes;yes;no;yes;yes;yes;no;5.0;3.0;5.0;1.0;1.0;3.0;0.0;8.0
100.0;Lucas;Marcelino;M;16.0;U;GT3;T;4.0;4.0;services;services;other;mother;<15m;<2h;0.0;yes;yes;yes;yes;yes;yes;yes;no;4.0;5.0;5.0;5.0;5.0;4.0;14.0;5.0
101.0;Leonor;Vara;M;16.0;U;GT3;T;4.0;4.0;services;teacher;other;father;<15m;5-10h;0.0;no;yes;no;yes;yes;yes;yes;yes;4.0;4.0;3.0;1.0;1.0;4.0;0.0;17.0
102.0;Madalena;Spinola;M;15.0;U;GT3;T;4.0;4.0;services;other;course;mother;<15m;<2h;0.0;no;yes;no;yes;no;yes;yes;no;5.0;3.0;3.0;1.0;1.0;5.0;4.0;14.0
103.0;Madalena;Matos;F;15.0;U;GT3;T;3.0;2.0;services;other;home;mother;15-30m;2-5h;0.0;yes;yes;yes;no;yes;yes;yes;no;4.0;3.0;5.0;1.0;1.0;2.0;26.0;6.0
104.0;Mariana;Soares;M;15.0;U;GT3;A;3.0;4.0;services;other;course;mother;<15m;2-5h;0.0;no;yes;yes;yes;yes;yes;yes;no;5.0;4.0;4.0;1.0;1.0;1.0;0.0;18.0
105.0;Beatriz;Vala;F;15.0;U;GT3;A;3.0;3.0;other;health;reputation;father;<15m;>10h;0.0;yes;no;no;no;yes;yes;no;no;4.0;3.0;3.0;1.0;1.0;4.0;10.0;11.0
106.0;Madalena;Meneses;F;15.0;U;GT3;T;2.0;2.0;other;other;course;mother;<15m;>10h;0.0;yes;yes;yes;no;yes;yes;yes;no;5.0;1.0;2.0;1.0;1.0;3.0;8.0;8.0
107.0;Lucas;Saade;M;16.0;U;GT3;T;3.0;3.0;services;other;home;father;<15m;5-10h;0.0;no;yes;no;yes;yes;yes;yes;no;5.0;3.0;3.0;1.0;1.0;5.0;2.0;18.0
108.0;Gonï¿½alo;Fogo;M;15.0;R;GT3;T;4.0;4.0;other;other;home;father;>1h;>10h;0.0;no;yes;yes;yes;yes;yes;yes;yes;1.0;3.0;5.0;3.0;5.0;1.0;6.0;13.0
109.0;Joana;Raposa;F;16.0;U;LE3;T;4.0;4.0;health;health;other;mother;<15m;5-10h;0.0;no;yes;yes;yes;yes;yes;yes;yes;5.0;4.0;5.0;1.0;1.0;4.0;4.0;16.0
110.0;Leonor;Arvelo;M;15.0;U;LE3;A;4.0;4.0;teacher;teacher;course;mother;<15m;<2h;0.0;no;no;no;yes;yes;yes;yes;no;5.0;5.0;3.0;1.0;1.0;4.0;6.0;19.0
111.0;Alice;Lucio;F;16.0;R;GT3;T;3.0;3.0;services;other;reputation;father;<15m;5-10h;1.0;yes;yes;no;yes;yes;yes;yes;no;4.0;1.0;2.0;1.0;1.0;2.0;0.0;10.0
112.0;Madalena;Couto;F;16.0;U;GT3;T;2.0;2.0;at_home;other;home;mother;<15m;2-5h;1.0;yes;no;no;yes;yes;yes;yes;no;3.0;1.0;2.0;1.0;1.0;5.0;6.0;13.0
113.0;Afonso;Natal;M;15.0;U;LE3;T;4.0;2.0;teacher;other;course;mother;<15m;<2h;0.0;no;no;no;no;yes;yes;yes;no;3.0;5.0;2.0;1.0;1.0;3.0;10.0;19.0
114.0;Francisco;Montalto;M;15.0;R;GT3;T;2.0;1.0;health;services;reputation;mother;<15m;2-5h;0.0;no;no;no;yes;yes;yes;yes;yes;5.0;4.0;2.0;1.0;1.0;5.0;8.0;9.0
115.0;Pedro;Monserrate;M;16.0;U;GT3;T;4.0;4.0;teacher;teacher;course;father;<15m;2-5h;0.0;no;yes;no;yes;yes;yes;yes;no;5.0;4.0;4.0;1.0;2.0;5.0;2.0;16.0
116.0;Beatriz;Lapa;M;15.0;U;GT3;T;4.0;4.0;other;teacher;reputation;father;15-30m;2-5h;0.0;no;yes;no;yes;yes;yes;no;no;4.0;4.0;3.0;1.0;1.0;2.0;2.0;14.0
117.0;Clara;Nazario;M;16.0;U;GT3;T;3.0;3.0;other;services;home;father;15-30m;<2h;0.0;no;no;no;yes;yes;yes;yes;no;5.0;4.0;2.0;1.0;1.0;5.0;0.0;13.0
118.0;Clara;Frausto;M;17.0;R;GT3;T;1.0;3.0;other;other;course;father;30-1h;2-5h;1.0;no;yes;no;yes;yes;yes;yes;no;5.0;2.0;4.0;1.0;4.0;5.0;20.0;8.0
119.0;Guilherme;Pereyra;M;15.0;U;GT3;T;3.0;4.0;other;other;reputation;father;<15m;<2h;0.0;no;no;no;no;yes;yes;yes;no;3.0;4.0;3.0;1.0;2.0;4.0;6.0;13.0
120.0;Martim;Portela;F;15.0;U;GT3;T;1.0;2.0;at_home;services;course;mother;<15m;2-5h;0.0;no;no;no;no;no;yes;yes;no;3.0;2.0;3.0;1.0;2.0;1.0;2.0;15.0
121.0;Duarte;Resendes;M;15.0;U;GT3;T;2.0;2.0;services;services;home;father;<15m;>10h;0.0;no;yes;yes;yes;yes;yes;yes;no;5.0;5.0;4.0;1.0;2.0;5.0;6.0;15.0
122.0;Duarte;Chavis;F;16.0;U;LE3;T;2.0;4.0;other;health;course;father;15-30m;2-5h;0.0;no;yes;yes;yes;yes;yes;yes;yes;4.0;2.0;2.0;1.0;2.0;5.0;2.0;13.0
123.0;Rafael;Sago;M;16.0;U;GT3;T;4.0;4.0;health;other;course;mother;<15m;<2h;0.0;no;yes;no;yes;yes;yes;yes;no;3.0;4.0;4.0;1.0;4.0;5.0;18.0;13.0
124.0;Gonï¿½alo;Duarte;F;16.0;U;GT3;T;2.0;2.0;other;other;home;mother;<15m;2-5h;0.0;no;no;yes;no;yes;yes;yes;yes;5.0;4.0;4.0;1.0;1.0;5.0;0.0;8.0
125.0;Maria;Montalvo;M;15.0;U;GT3;T;3.0;4.0;services;services;home;father;<15m;<2h;0.0;yes;no;no;no;yes;yes;yes;no;5.0;5.0;5.0;3.0;2.0;5.0;0.0;12.0
126.0;Camila;Vas;F;15.0;U;LE3;A;3.0;4.0;other;other;home;mother;<15m;2-5h;0.0;yes;no;no;yes;yes;yes;yes;yes;5.0;3.0;2.0;1.0;1.0;1.0;0.0;11.0
127.0;Joï¿½o;Sales;F;19.0;U;GT3;T;0.0;1.0;at_home;other;course;other;<15m;2-5h;3.0;no;yes;no;no;no;no;no;no;3.0;4.0;2.0;1.0;1.0;5.0;2.0;9.0
129.0;Clara;Paes;M;16.0;R;GT3;T;4.0;4.0;teacher;teacher;course;mother;<15m;<2h;0.0;no;no;yes;yes;yes;yes;yes;no;3.0;5.0;5.0;2.0;5.0;4.0;8.0;18.0
132.0;Miguel;Orta;F;17.0;U;LE3;T;2.0;2.0;other;other;course;father;<15m;<2h;0.0;no;yes;no;no;yes;yes;yes;yes;3.0;4.0;4.0;1.0;3.0;5.0;12.0;12.0
133.0;Alice;Reza;F;16.0;U;GT3;A;3.0;4.0;services;other;course;father;<15m;<2h;0.0;no;no;no;no;yes;yes;yes;no;3.0;2.0;1.0;1.0;4.0;5.0;16.0;11.0
138.0;Afonso;Alvarenga;M;16.0;U;LE3;T;1.0;1.0;services;other;course;mother;<15m;2-5h;1.0;no;no;no;no;yes;yes;no;yes;4.0;4.0;4.0;1.0;3.0;5.0;0.0;12.0
139.0;Miguel;Pinheiro;F;15.0;U;GT3;T;4.0;4.0;teacher;teacher;course;mother;15-30m;<2h;0.0;no;no;no;yes;yes;yes;yes;no;4.0;3.0;2.0;1.0;1.0;5.0;0.0;15.0
141.0;Guilherme;Ferra;M;16.0;U;LE3;T;2.0;2.0;services;services;reputation;father;15-30m;<2h;2.0;no;yes;no;yes;yes;yes;yes;no;2.0;3.0;3.0;2.0;2.0;2.0;8.0;9.0
142.0;Benedita;Faria;F;15.0;U;GT3;T;4.0;4.0;teacher;services;course;mother;<15m;5-10h;0.0;no;yes;yes;yes;yes;yes;yes;no;4.0;2.0;2.0;1.0;1.0;5.0;2.0;11.0
143.0;Sofia;Serrao;F;16.0;U;LE3;T;1.0;1.0;at_home;at_home;course;mother;<15m;<2h;0.0;no;no;no;no;yes;yes;yes;no;3.0;4.0;4.0;3.0;3.0;1.0;2.0;13.0
145.0;Tomï¿½s;Nicolau;F;15.0;U;GT3;T;1.0;1.0;other;services;course;father;<15m;2-5h;0.0;no;yes;yes;no;yes;yes;yes;no;4.0;4.0;2.0;1.0;2.0;5.0;0.0;11.0
147.0;Salvador;Marcelo;F;15.0;U;GT3;T;1.0;2.0;at_home;other;course;mother;<15m;2-5h;0.0;no;yes;yes;no;no;yes;yes;no;4.0;3.0;2.0;1.0;1.0;5.0;2.0;11.0
149.0;Lara;Cardoso;M;15.0;U;LE3;A;2.0;1.0;services;other;course;mother;>1h;<2h;3.0;no;no;no;no;yes;yes;yes;no;4.0;5.0;5.0;2.0;5.0;5.0;0.0;10.0
151.0;Martim;Vasconcelos;M;16.0;U;LE3;T;2.0;1.0;at_home;other;course;mother;<15m;<2h;1.0;no;no;no;yes;yes;yes;no;yes;4.0;4.0;4.0;3.0;5.0;5.0;6.0;14.0
152.0;Maria;Fortes;F;15.0;R;GT3;T;3.0;3.0;services;services;reputation;other;15-30m;5-10h;2.0;no;yes;yes;yes;yes;yes;yes;yes;4.0;2.0;1.0;2.0;3.0;3.0;8.0;10.0
154.0;Joana;Espinola;F;17.0;U;GT3;T;4.0;4.0;other;teacher;course;mother;<15m;<2h;0.0;yes;yes;no;no;yes;yes;no;yes;4.0;2.0;1.0;1.0;1.0;4.0;0.0;12.0
155.0;Salvador;Cuba;M;15.0;R;GT3;T;2.0;3.0;at_home;services;course;mother;<15m;2-5h;0.0;yes;no;yes;yes;yes;yes;no;no;4.0;4.0;4.0;1.0;1.0;1.0;2.0;8.0
156.0;Maria;Socia;M;17.0;R;LE3;T;1.0;2.0;other;other;reputation;mother;<15m;<2h;0.0;no;no;no;no;yes;yes;no;no;2.0;2.0;2.0;3.0;3.0;5.0;8.0;13.0
157.0;Gonï¿½alo;Mattos;F;18.0;R;GT3;T;1.0;1.0;at_home;other;course;mother;30-1h;<2h;3.0;no;yes;no;yes;no;yes;no;no;5.0;2.0;5.0;1.0;5.0;4.0;6.0;10.0
158.0;Rafael;Peres;M;16.0;R;GT3;T;2.0;2.0;at_home;other;course;mother;30-1h;<2h;0.0;no;no;no;no;no;yes;no;no;4.0;2.0;2.0;1.0;2.0;3.0;2.0;15.0
159.0;Lucas;Prata;M;16.0;U;GT3;T;3.0;3.0;other;services;course;father;<15m;2-5h;1.0;no;yes;yes;no;yes;yes;yes;yes;4.0;5.0;5.0;4.0;4.0;5.0;4.0;12.0
161.0;Pedro;Fonte;M;15.0;R;GT3;T;3.0;2.0;other;other;course;mother;15-30m;2-5h;2.0;yes;yes;no;no;yes;yes;yes;yes;4.0;4.0;4.0;1.0;4.0;3.0;6.0;7.0
163.0;Gonï¿½alo;Moreira;M;17.0;U;GT3;T;1.0;3.0;at_home;services;course;father;<15m;<2h;0.0;no;no;no;no;yes;no;yes;no;5.0;3.0;3.0;1.0;4.0;2.0;2.0;10.0
164.0;Rodrigo;Miguez;M;17.0;R;LE3;T;1.0;1.0;other;services;course;mother;>1h;2-5h;3.0;no;no;no;yes;yes;no;no;yes;5.0;3.0;5.0;1.0;5.0;5.0;0.0;7.0
165.0;Madalena;Matheus;M;16.0;U;GT3;T;3.0;2.0;services;services;course;mother;15-30m;<2h;1.0;no;yes;no;yes;no;no;no;no;4.0;5.0;2.0;1.0;1.0;2.0;16.0;12.0
166.0;Duarte;Monge;M;16.0;U;GT3;T;2.0;2.0;other;other;course;father;<15m;2-5h;0.0;no;no;no;no;yes;no;yes;no;4.0;3.0;5.0;2.0;4.0;4.0;4.0;10.0
167.0;Francisca;Constancio;F;16.0;U;GT3;T;4.0;2.0;health;services;home;father;<15m;2-5h;0.0;no;no;yes;no;yes;yes;yes;yes;4.0;2.0;3.0;1.0;1.0;3.0;0.0;16.0
169.0;Rodrigo;Rapozo;F;16.0;U;GT3;T;4.0;4.0;health;health;reputation;mother;<15m;2-5h;0.0;no;yes;yes;no;yes;yes;yes;yes;4.0;4.0;2.0;1.0;1.0;3.0;0.0;14.0
171.0;Gustavo;Agre;M;16.0;U;GT3;T;1.0;0.0;other;other;reputation;mother;15-30m;2-5h;0.0;no;yes;yes;yes;yes;yes;yes;yes;4.0;3.0;2.0;1.0;1.0;3.0;2.0;16.0
172.0;Tiago;Pinto;M;17.0;U;LE3;T;4.0;4.0;teacher;other;reputation;mother;<15m;2-5h;0.0;no;yes;yes;yes;yes;yes;yes;no;4.0;4.0;4.0;1.0;3.0;5.0;0.0;10.0
174.0;Joana;Mendes;F;16.0;U;LE3;T;3.0;3.0;other;other;reputation;mother;15-30m;2-5h;0.0;no;yes;yes;yes;yes;yes;yes;no;4.0;4.0;5.0;1.0;1.0;4.0;4.0;9.0
175.0;Lucas;Peru;M;17.0;U;LE3;T;4.0;3.0;teacher;other;course;mother;15-30m;2-5h;0.0;no;no;yes;yes;yes;yes;yes;no;4.0;4.0;4.0;4.0;4.0;4.0;4.0;9.0
176.0;Leonor;Palma;F;16.0;U;GT3;T;2.0;2.0;services;other;reputation;mother;15-30m;2-5h;0.0;no;no;yes;yes;no;yes;yes;no;3.0;4.0;4.0;1.0;4.0;5.0;2.0;11.0
177.0;Rafael;Paiva;M;17.0;U;GT3;T;3.0;3.0;other;other;reputation;father;<15m;2-5h;0.0;no;no;no;yes;no;yes;yes;no;4.0;3.0;4.0;1.0;4.0;4.0;4.0;6.0
178.0;Sofia;Porto;M;16.0;R;GT3;T;4.0;2.0;teacher;services;other;mother;<15m;<2h;0.0;no;yes;no;yes;yes;yes;yes;yes;4.0;3.0;3.0;3.0;4.0;3.0;10.0;9.0
179.0;Diana;Maia;M;17.0;U;GT3;T;4.0;3.0;other;other;course;mother;<15m;2-5h;0.0;no;yes;no;yes;yes;yes;yes;yes;5.0;2.0;3.0;1.0;1.0;2.0;4.0;11.0
180.0;Pedro;Tavares;M;16.0;U;GT3;T;4.0;3.0;teacher;other;home;mother;<15m;2-5h;0.0;no;yes;yes;yes;yes;yes;yes;no;3.0;4.0;3.0;2.0;3.0;3.0;10.0;8.0
181.0;Afonso;Pimenta;M;16.0;U;GT3;T;3.0;3.0;services;other;home;mother;<15m;2-5h;0.0;no;no;yes;yes;yes;yes;yes;yes;4.0;2.0;3.0;1.0;2.0;3.0;2.0;12.0
182.0;Joana;Braz;F;17.0;U;GT3;T;2.0;4.0;services;services;reputation;father;<15m;2-5h;0.0;no;yes;no;yes;yes;yes;no;no;5.0;4.0;2.0;2.0;3.0;5.0;0.0;17.0
183.0;Alice;Pesqueira;F;17.0;U;LE3;T;3.0;3.0;other;other;reputation;mother;<15m;2-5h;0.0;no;yes;no;yes;yes;yes;yes;yes;5.0;3.0;3.0;2.0;3.0;1.0;56.0;8.0
184.0;Camila;Lopes;F;16.0;U;GT3;T;3.0;2.0;other;other;reputation;mother;<15m;2-5h;0.0;no;yes;yes;no;yes;yes;yes;no;1.0;2.0;2.0;1.0;2.0;1.0;14.0;12.0
185.0;Gustavo;Fontes;M;17.0;U;GT3;T;3.0;3.0;services;services;other;mother;<15m;2-5h;0.0;no;yes;no;yes;yes;yes;yes;yes;4.0;3.0;4.0;2.0;3.0;4.0;12.0;11.0
186.0;Alice;Evora;M;16.0;U;GT3;T;1.0;2.0;services;services;other;mother;<15m;<2h;0.0;no;yes;yes;yes;yes;yes;yes;yes;3.0;3.0;3.0;1.0;2.0;3.0;2.0;11.0
187.0;Ana;Castelo;M;16.0;U;LE3;T;2.0;1.0;other;other;course;mother;<15m;2-5h;0.0;no;no;yes;yes;yes;yes;yes;yes;4.0;2.0;3.0;1.0;2.0;5.0;0.0;15.0
188.0;Alice;Galioto;F;17.0;U;GT3;A;3.0;3.0;health;other;reputation;mother;<15m;2-5h;0.0;no;yes;no;no;no;yes;yes;yes;3.0;3.0;3.0;1.0;3.0;3.0;6.0;9.0
189.0;Gabriel;Figueiredo;M;17.0;R;GT3;T;1.0;2.0;at_home;other;home;mother;<15m;2-5h;0.0;no;no;no;no;yes;yes;no;no;3.0;1.0;3.0;1.0;5.0;3.0;4.0;10.0
190.0;Clara;Rodarte;F;16.0;U;GT3;T;2.0;3.0;services;services;course;mother;<15m;2-5h;0.0;no;no;no;no;yes;yes;yes;no;4.0;3.0;3.0;1.0;1.0;2.0;10.0;13.0
191.0;Maria;Limas;F;17.0;U;GT3;T;1.0;1.0;at_home;services;course;mother;<15m;2-5h;0.0;no;no;no;yes;yes;yes;yes;no;5.0;3.0;3.0;1.0;1.0;3.0;0.0;9.0
192.0;Lourenï¿½o;Simao;M;17.0;U;GT3;T;1.0;2.0;at_home;services;other;other;15-30m;2-5h;0.0;no;no;yes;yes;no;yes;yes;no;4.0;4.0;4.0;4.0;5.0;5.0;12.0;8.0
193.0;Santiago;Dias;M;16.0;R;GT3;T;3.0;3.0;services;services;reputation;mother;<15m;<2h;0.0;no;yes;no;yes;yes;yes;yes;no;4.0;3.0;2.0;3.0;4.0;5.0;8.0;10.0
194.0;Alice;Madeira;M;16.0;U;GT3;T;2.0;3.0;other;other;home;father;15-30m;<2h;0.0;no;no;no;no;yes;yes;yes;no;5.0;3.0;3.0;1.0;1.0;3.0;0.0;14.0
195.0;Gustavo;Da Cruz;F;17.0;U;LE3;T;2.0;4.0;services;services;course;father;<15m;2-5h;0.0;no;no;no;yes;yes;yes;yes;yes;4.0;3.0;2.0;1.0;1.0;5.0;0.0;15.0
196.0;Lara;Mirante;M;17.0;U;GT3;T;4.0;4.0;services;teacher;home;mother;<15m;<2h;0.0;no;no;no;no;yes;yes;yes;no;5.0;2.0;3.0;1.0;2.0;5.0;4.0;16.0
197.0;Lucas;De Lacerda;M;16.0;R;LE3;T;3.0;3.0;teacher;other;home;father;30-1h;<2h;0.0;no;yes;yes;yes;yes;yes;yes;no;3.0;3.0;4.0;3.0;5.0;3.0;8.0;10.0
198.0;Lucas;Brasil;F;17.0;U;GT3;T;4.0;4.0;services;teacher;home;mother;15-30m;<2h;1.0;no;yes;no;no;yes;yes;yes;no;4.0;2.0;4.0;2.0;3.0;2.0;24.0;18.0
199.0;Leonor;De Cotis;F;16.0;U;LE3;T;4.0;4.0;teacher;teacher;reputation;mother;<15m;2-5h;0.0;no;yes;yes;no;yes;yes;yes;no;4.0;5.0;2.0;1.0;2.0;3.0;0.0;10.0
200.0;Lucas;Mata;F;16.0;U;GT3;T;4.0;3.0;health;other;home;mother;<15m;2-5h;0.0;no;yes;no;yes;yes;yes;yes;no;4.0;3.0;5.0;1.0;5.0;2.0;2.0;16.0
201.0;Francisca;Fernandes;F;16.0;U;GT3;T;2.0;3.0;other;other;reputation;mother;<15m;2-5h;0.0;yes;yes;yes;yes;yes;yes;no;no;4.0;4.0;3.0;1.0;3.0;4.0;6.0;10.0
202.0;Madalena;Da Rocha;F;17.0;U;GT3;T;1.0;1.0;other;other;course;mother;<15m;2-5h;0.0;no;yes;yes;no;no;yes;no;no;4.0;4.0;4.0;1.0;3.0;1.0;4.0;10.0
203.0;Matilde;Regalado;F;17.0;R;GT3;T;2.0;2.0;other;other;reputation;mother;<15m;<2h;0.0;no;yes;no;no;yes;yes;yes;no;5.0;3.0;2.0;1.0;2.0;3.0;18.0;6.0
204.0;Clara;Rezendes;F;16.0;R;GT3;T;2.0;2.0;services;services;reputation;mother;15-30m;>10h;0.0;no;yes;yes;yes;no;yes;yes;no;5.0;3.0;5.0;1.0;1.0;5.0;6.0;11.0
205.0;Joana;Ponte;F;17.0;U;GT3;T;3.0;4.0;at_home;services;home;mother;<15m;5-10h;1.0;no;yes;yes;no;yes;yes;yes;yes;4.0;4.0;3.0;3.0;4.0;5.0;28.0;9.0
206.0;Diana;Sa;F;16.0;U;GT3;A;3.0;1.0;services;other;course;mother;<15m;2-5h;3.0;no;yes;yes;no;yes;yes;yes;no;2.0;3.0;3.0;2.0;2.0;4.0;5.0;7.0
207.0;Pedro;Avelar;F;16.0;U;GT3;T;4.0;3.0;teacher;other;other;mother;<15m;2-5h;0.0;no;no;yes;yes;yes;yes;yes;yes;1.0;3.0;2.0;1.0;1.0;1.0;10.0;13.0
208.0;Francisco;Carreira;F;16.0;U;GT3;T;1.0;1.0;at_home;other;home;mother;15-30m;<2h;0.0;no;yes;yes;no;yes;yes;no;no;4.0;3.0;2.0;1.0;4.0;5.0;6.0;10.0
209.0;Camila;Flor;F;17.0;R;GT3;T;4.0;3.0;teacher;other;reputation;mother;15-30m;5-10h;0.0;no;yes;yes;yes;yes;yes;yes;yes;4.0;4.0;2.0;1.0;1.0;4.0;6.0;7.0
210.0;Alice;Macedo;F;19.0;U;GT3;T;3.0;3.0;other;other;reputation;other;<15m;>10h;0.0;no;yes;yes;yes;yes;yes;yes;no;4.0;3.0;3.0;1.0;2.0;3.0;10.0;8.0
211.0;Rafael;Naves;M;17.0;U;LE3;T;4.0;4.0;services;other;home;mother;<15m;2-5h;0.0;no;yes;yes;no;yes;yes;yes;yes;5.0;3.0;5.0;4.0;5.0;3.0;13.0;13.0
212.0;Gonï¿½alo;Abreu;F;16.0;U;GT3;A;2.0;2.0;other;other;reputation;mother;<15m;2-5h;0.0;yes;yes;yes;no;yes;yes;yes;no;3.0;3.0;4.0;1.0;1.0;4.0;0.0;14.0
213.0;Gabriel;Pombo;M;18.0;U;GT3;T;2.0;2.0;services;other;home;mother;<15m;2-5h;1.0;no;yes;yes;yes;yes;yes;yes;no;4.0;4.0;4.0;2.0;4.0;5.0;15.0;8.0
214.0;Salvador;Joaquim;F;17.0;R;LE3;T;4.0;4.0;services;other;other;mother;<15m;<2h;0.0;no;yes;yes;no;yes;yes;no;no;5.0;2.0;1.0;1.0;2.0;3.0;12.0;10.0
215.0;Gabriel;Ruis;F;17.0;U;LE3;T;3.0;2.0;other;other;reputation;mother;15-30m;2-5h;0.0;no;no;yes;no;yes;yes;yes;no;4.0;4.0;4.0;1.0;3.0;1.0;2.0;15.0
216.0;Clara;Merenda;F;17.0;U;GT3;T;4.0;3.0;other;other;reputation;mother;<15m;2-5h;2.0;no;no;yes;no;yes;yes;yes;yes;3.0;4.0;5.0;2.0;4.0;1.0;22.0;4.0
217.0;Joana;Texeira;M;18.0;U;LE3;T;3.0;3.0;services;health;home;father;<15m;2-5h;1.0;no;yes;yes;no;yes;yes;yes;no;3.0;2.0;4.0;2.0;4.0;4.0;13.0;8.0
218.0;Margarida;Belo;F;17.0;U;GT3;T;2.0;3.0;at_home;other;home;father;15-30m;<2h;0.0;no;yes;yes;no;yes;yes;no;no;3.0;3.0;3.0;1.0;4.0;3.0;3.0;8.0
219.0;Joï¿½o;Oliveira;F;17.0;U;GT3;T;2.0;2.0;at_home;at_home;course;mother;<15m;5-10h;0.0;no;yes;yes;yes;yes;yes;yes;no;4.0;3.0;3.0;1.0;1.0;4.0;4.0;10.0
220.0;Inï¿½s;Ornelas;F;17.0;R;GT3;T;2.0;1.0;at_home;services;reputation;mother;15-30m;2-5h;0.0;no;yes;no;yes;yes;yes;yes;no;4.0;2.0;5.0;1.0;2.0;5.0;2.0;6.0
222.0;Mariana;Reveles;F;16.0;U;GT3;T;2.0;3.0;services;teacher;other;mother;<15m;2-5h;0.0;yes;no;no;no;yes;yes;yes;no;2.0;3.0;1.0;1.0;1.0;3.0;2.0;17.0
223.0;Joï¿½o;Souva;M;18.0;U;GT3;T;2.0;2.0;other;other;home;mother;15-30m;2-5h;0.0;no;yes;yes;no;yes;yes;yes;no;3.0;3.0;3.0;5.0;5.0;4.0;0.0;13.0
224.0;Sofia;Aparicio;F;16.0;U;GT3;T;4.0;4.0;teacher;services;home;mother;<15m;5-10h;0.0;no;yes;no;yes;no;yes;yes;no;5.0;3.0;2.0;1.0;1.0;5.0;0.0;14.0
225.0;Francisca;Linhares;F;18.0;R;GT3;T;3.0;1.0;other;other;reputation;mother;<15m;2-5h;1.0;no;no;no;yes;yes;yes;yes;yes;5.0;3.0;3.0;1.0;1.0;4.0;16.0;7.0
226.0;Joï¿½o;Rapa;F;17.0;U;GT3;T;3.0;2.0;other;other;course;mother;<15m;2-5h;0.0;no;no;no;yes;no;yes;yes;no;5.0;3.0;4.0;1.0;3.0;3.0;10.0;15.0
227.0;Camila;Souto;M;17.0;U;LE3;T;2.0;3.0;services;services;reputation;father;<15m;2-5h;0.0;no;yes;yes;no;no;yes;yes;no;5.0;3.0;3.0;1.0;3.0;3.0;2.0;12.0
228.0;Laura;Sousa;M;18.0;U;LE3;T;2.0;1.0;at_home;other;course;mother;>1h;2-5h;0.0;yes;yes;yes;yes;yes;yes;yes;yes;4.0;3.0;2.0;4.0;5.0;3.0;14.0;9.0
229.0;Duarte;De Lima;F;17.0;U;GT3;A;2.0;1.0;other;other;course;mother;15-30m;5-10h;0.0;no;no;no;yes;yes;yes;yes;yes;3.0;2.0;3.0;1.0;2.0;3.0;10.0;12.0
230.0;Inï¿½s;Caldeira;F;17.0;U;LE3;T;4.0;3.0;health;other;reputation;father;<15m;2-5h;0.0;no;no;no;yes;yes;yes;yes;yes;3.0;2.0;3.0;1.0;2.0;3.0;14.0;14.0
231.0;Madalena;Cal;M;17.0;R;GT3;T;2.0;2.0;other;other;course;father;15-30m;2-5h;0.0;no;yes;yes;yes;yes;yes;yes;no;4.0;5.0;2.0;1.0;1.0;1.0;4.0;11.0
232.0;Clara;Netto;M;17.0;U;GT3;T;4.0;4.0;teacher;teacher;reputation;mother;<15m;2-5h;0.0;yes;yes;no;yes;yes;yes;yes;yes;4.0;5.0;5.0;1.0;3.0;2.0;14.0;9.0
233.0;Sofia;Acosta;M;16.0;U;GT3;T;4.0;4.0;health;other;reputation;father;<15m;2-5h;0.0;no;yes;yes;yes;yes;yes;yes;no;4.0;2.0;4.0;2.0;4.0;1.0;2.0;13.0
234.0;Mariana;Maciel;M;16.0;U;LE3;T;1.0;1.0;other;other;home;mother;15-30m;2-5h;0.0;no;yes;yes;no;yes;yes;yes;no;3.0;4.0;2.0;1.0;1.0;5.0;18.0;6.0
235.0;Beatriz;Cassis;M;16.0;U;GT3;T;3.0;2.0;at_home;other;reputation;mother;15-30m;5-10h;0.0;no;no;no;yes;yes;yes;yes;yes;5.0;3.0;3.0;1.0;3.0;2.0;10.0;10.0
236.0;Francisco;Raposa;M;17.0;U;LE3;T;2.0;2.0;other;other;home;father;<15m;2-5h;0.0;no;no;yes;yes;no;yes;yes;yes;4.0;4.0;2.0;5.0;5.0;4.0;4.0;13.0
237.0;Lucas;Anes;F;16.0;U;GT3;T;2.0;1.0;other;other;home;mother;<15m;<2h;0.0;no;no;no;no;yes;yes;yes;yes;4.0;5.0;2.0;1.0;1.0;5.0;20.0;12.0
238.0;Francisco;Migues;F;17.0;R;GT3;T;2.0;1.0;at_home;services;course;mother;30-1h;2-5h;0.0;no;no;no;yes;yes;yes;no;no;2.0;1.0;1.0;1.0;1.0;3.0;2.0;11.0
240.0;Carolina;Pinho;M;17.0;U;LE3;T;4.0;3.0;health;other;course;mother;15-30m;2-5h;0.0;no;no;no;yes;yes;yes;yes;yes;2.0;5.0;5.0;1.0;4.0;5.0;14.0;12.0
241.0;Lucas;Barboza;M;17.0;R;LE3;A;4.0;4.0;teacher;other;course;mother;15-30m;2-5h;0.0;no;yes;yes;no;yes;yes;yes;no;3.0;3.0;3.0;2.0;3.0;4.0;2.0;12.0
243.0;Inï¿½s;Nunes;M;16.0;U;GT3;T;4.0;4.0;services;services;course;mother;<15m;<2h;0.0;no;no;no;yes;yes;yes;yes;no;5.0;3.0;2.0;1.0;2.0;5.0;0.0;12.0
245.0;Guilherme;Afonso;M;16.0;U;GT3;T;2.0;1.0;other;other;course;mother;30-1h;<2h;0.0;no;no;no;no;yes;yes;yes;no;4.0;3.0;3.0;1.0;1.0;4.0;6.0;18.0
246.0;Martim;Rama;M;17.0;U;GT3;T;2.0;3.0;other;other;course;father;15-30m;<2h;0.0;no;no;no;no;yes;yes;yes;no;5.0;2.0;2.0;1.0;1.0;2.0;4.0;13.0
247.0;Guilherme;Estacio;M;22.0;U;GT3;T;3.0;1.0;services;services;other;mother;<15m;<2h;3.0;no;no;no;no;no;no;yes;yes;5.0;4.0;5.0;5.0;5.0;1.0;16.0;8.0
248.0;Inï¿½s;Broas;M;18.0;R;LE3;T;3.0;3.0;other;services;course;mother;<15m;2-5h;1.0;no;yes;no;no;yes;yes;yes;yes;4.0;3.0;3.0;1.0;3.0;5.0;8.0;5.0
249.0;Rafael;Osorio;M;16.0;U;GT3;T;0.0;2.0;other;other;other;mother;<15m;<2h;0.0;no;no;yes;no;no;yes;yes;no;4.0;3.0;2.0;2.0;4.0;5.0;0.0;15.0
250.0;Madalena;Criado;M;18.0;U;GT3;T;3.0;2.0;services;other;course;mother;15-30m;<2h;1.0;no;no;no;no;yes;no;yes;no;4.0;4.0;5.0;2.0;4.0;5.0;0.0;8.0
251.0;Mariana;Medeiros;M;16.0;U;GT3;T;3.0;3.0;at_home;other;reputation;other;30-1h;2-5h;0.0;yes;yes;no;no;no;yes;yes;no;5.0;3.0;3.0;1.0;3.0;2.0;6.0;10.0
252.0;Tomï¿½s;Santa;M;18.0;U;GT3;T;2.0;1.0;services;services;other;mother;<15m;<2h;1.0;no;no;no;no;no;no;yes;no;3.0;2.0;5.0;2.0;5.0;5.0;4.0;8.0
253.0;Rafael;Rodrigues;M;16.0;R;GT3;T;2.0;1.0;other;other;course;mother;15-30m;<2h;0.0;no;no;no;yes;no;yes;no;no;3.0;3.0;2.0;1.0;3.0;3.0;0.0;8.0
254.0;Mariana;Porro;M;17.0;R;GT3;T;2.0;1.0;other;other;course;mother;<15m;<2h;0.0;no;no;no;no;no;yes;yes;no;4.0;4.0;2.0;2.0;4.0;5.0;0.0;12.0
255.0;Margarida;Motta;M;17.0;U;LE3;T;1.0;1.0;health;other;course;mother;15-30m;<2h;1.0;no;yes;no;yes;yes;yes;yes;no;4.0;4.0;4.0;1.0;2.0;5.0;2.0;8.0
256.0;Afonso;Furtado;F;17.0;U;LE3;T;4.0;2.0;teacher;services;reputation;mother;<15m;>10h;0.0;no;yes;yes;yes;yes;yes;yes;no;4.0;2.0;3.0;1.0;1.0;4.0;6.0;13.0
257.0;Maria;Farias;M;19.0;U;LE3;A;4.0;3.0;services;at_home;reputation;mother;<15m;2-5h;0.0;no;yes;no;no;yes;yes;yes;no;4.0;3.0;1.0;1.0;1.0;1.0;12.0;11.0
258.0;Francisco;DSouza;M;18.0;U;GT3;T;2.0;1.0;other;other;home;mother;<15m;2-5h;0.0;no;no;no;yes;yes;yes;yes;no;5.0;2.0;4.0;1.0;2.0;4.0;8.0;14.0
260.0;Beatriz;De Souza;F;18.0;U;GT3;T;4.0;3.0;services;other;home;father;<15m;2-5h;0.0;no;yes;yes;no;yes;yes;yes;yes;3.0;1.0;2.0;1.0;3.0;2.0;21.0;18.0
261.0;Camila;Alves;M;18.0;U;GT3;T;4.0;3.0;teacher;other;course;mother;<15m;2-5h;0.0;no;yes;yes;no;no;yes;yes;no;4.0;3.0;2.0;1.0;1.0;3.0;2.0;8.0
262.0;Afonso;Morgado;M;18.0;R;GT3;T;3.0;2.0;other;other;course;mother;<15m;5-10h;0.0;no;no;no;yes;no;yes;no;no;5.0;3.0;2.0;1.0;1.0;3.0;1.0;12.0
263.0;Salvador;Mora;F;17.0;U;GT3;T;3.0;3.0;other;other;home;mother;<15m;5-10h;0.0;no;no;no;yes;no;yes;no;no;3.0;2.0;3.0;1.0;1.0;4.0;4.0;9.0
265.0;Laura;Nolasco;M;18.0;R;LE3;A;3.0;4.0;other;other;reputation;mother;15-30m;2-5h;0.0;no;yes;yes;yes;yes;yes;yes;no;4.0;2.0;5.0;3.0;4.0;1.0;13.0;17.0
266.0;Francisca;Carreiro;M;17.0;U;GT3;T;3.0;1.0;services;other;other;mother;<15m;2-5h;0.0;no;no;yes;yes;yes;yes;yes;yes;5.0;4.0;4.0;3.0;4.0;5.0;2.0;10.0
267.0;Afonso;Nora;F;18.0;R;GT3;T;4.0;4.0;teacher;other;reputation;mother;15-30m;2-5h;0.0;no;no;yes;yes;yes;yes;yes;no;4.0;3.0;4.0;2.0;2.0;4.0;8.0;11.0
268.0;Francisca;Monteiro;M;18.0;U;GT3;T;4.0;2.0;health;other;reputation;father;<15m;2-5h;0.0;no;yes;yes;yes;yes;yes;yes;yes;5.0;4.0;5.0;1.0;3.0;5.0;10.0;10.0
270.0;Martim;Franca;F;19.0;U;GT3;T;3.0;3.0;other;services;home;other;<15m;2-5h;2.0;no;yes;yes;yes;yes;yes;yes;no;4.0;3.0;5.0;3.0;3.0;5.0;15.0;9.0
271.0;Matilde;Guedes;F;18.0;U;GT3;T;2.0;3.0;other;services;reputation;father;<15m;>10h;0.0;no;yes;yes;yes;yes;yes;yes;yes;4.0;5.0;5.0;1.0;3.0;2.0;4.0;14.0
272.0;Gonï¿½alo;Claudio;F;18.0;U;LE3;T;1.0;1.0;other;other;home;mother;15-30m;2-5h;0.0;no;yes;yes;no;no;yes;no;no;4.0;4.0;3.0;1.0;1.0;3.0;2.0;11.0
273.0;Afonso;Mauricio;M;17.0;R;GT3;T;1.0;2.0;at_home;at_home;home;mother;<15m;2-5h;0.0;no;yes;yes;yes;no;yes;no;yes;3.0;5.0;2.0;2.0;2.0;1.0;2.0;14.0
274.0;Santiago;Carrico;F;17.0;U;GT3;T;2.0;4.0;at_home;health;reputation;mother;15-30m;2-5h;0.0;no;yes;yes;no;yes;yes;yes;yes;4.0;3.0;3.0;1.0;1.0;1.0;2.0;10.0
275.0;Rafael;De Oliveira;F;17.0;U;LE3;T;2.0;2.0;services;other;course;mother;15-30m;2-5h;0.0;yes;yes;yes;no;yes;yes;yes;yes;4.0;4.0;4.0;2.0;3.0;5.0;6.0;12.0
276.0;Camila;Carvalho;F;18.0;R;GT3;A;3.0;2.0;other;services;home;mother;15-30m;2-5h;0.0;no;no;no;no;no;no;yes;yes;4.0;1.0;1.0;1.0;1.0;5.0;75.0;9.0
277.0;Lourenï¿½o;Muniz;M;18.0;U;GT3;T;4.0;4.0;teacher;services;home;mother;15-30m;<2h;0.0;no;no;yes;yes;yes;yes;yes;no;3.0;2.0;4.0;1.0;4.0;3.0;22.0;9.0
278.0;Lara;Dos Santos;F;18.0;U;GT3;T;4.0;4.0;health;health;reputation;father;<15m;2-5h;1.0;yes;yes;no;yes;yes;yes;yes;yes;2.0;4.0;4.0;1.0;1.0;4.0;15.0;8.0
279.0;Rodrigo;Leite;M;18.0;U;LE3;T;4.0;3.0;teacher;services;course;mother;15-30m;<2h;0.0;no;no;yes;yes;yes;yes;yes;no;4.0;2.0;3.0;1.0;2.0;1.0;8.0;10.0
280.0;Dinis;Costa;M;17.0;U;LE3;A;4.0;1.0;services;other;home;mother;15-30m;<2h;0.0;no;no;yes;yes;yes;yes;yes;yes;4.0;5.0;4.0;2.0;4.0;5.0;30.0;8.0
281.0;Santiago;Ribeiro;M;17.0;U;LE3;A;3.0;2.0;teacher;services;home;mother;<15m;<2h;1.0;no;no;no;no;yes;yes;yes;no;4.0;4.0;4.0;3.0;4.0;3.0;19.0;10.0
282.0;Margarida;Conceicao;F;18.0;R;LE3;T;1.0;1.0;at_home;other;reputation;mother;15-30m;>10h;0.0;no;yes;yes;yes;yes;yes;no;no;5.0;2.0;2.0;1.0;1.0;3.0;1.0;12.0
283.0;Martim;Coval;F;18.0;U;GT3;T;1.0;1.0;other;other;home;mother;15-30m;2-5h;0.0;yes;no;no;yes;yes;yes;yes;no;5.0;4.0;4.0;1.0;1.0;4.0;4.0;10.0
284.0;Margarida;Pero;F;17.0;U;GT3;T;2.0;2.0;other;other;course;mother;<15m;2-5h;0.0;no;yes;no;no;no;yes;yes;no;5.0;4.0;5.0;1.0;2.0;5.0;4.0;11.0
285.0;Margarida;Avilla;M;17.0;U;GT3;T;1.0;1.0;other;other;reputation;father;<15m;2-5h;0.0;no;no;yes;no;no;yes;yes;no;4.0;3.0;3.0;1.0;2.0;4.0;2.0;11.0
286.0;Matilde;Sarmento;F;18.0;U;GT3;T;2.0;2.0;at_home;at_home;other;mother;<15m;5-10h;0.0;no;yes;yes;no;yes;yes;yes;no;4.0;3.0;3.0;1.0;2.0;2.0;5.0;19.0
287.0;Martim;Gama;F;17.0;U;GT3;T;1.0;1.0;services;teacher;reputation;mother;<15m;5-10h;0.0;no;yes;yes;no;yes;yes;yes;no;4.0;3.0;3.0;1.0;1.0;3.0;6.0;12.0
288.0;Sofia;Leitao;M;18.0;U;GT3;T;2.0;1.0;services;services;reputation;mother;<15m;5-10h;0.0;no;no;yes;yes;yes;yes;yes;no;4.0;2.0;4.0;1.0;3.0;2.0;6.0;14.0
289.0;Inï¿½s;Pimentel;M;18.0;U;LE3;A;4.0;4.0;teacher;teacher;reputation;mother;<15m;2-5h;0.0;no;yes;yes;yes;yes;yes;yes;no;5.0;4.0;3.0;1.0;1.0;2.0;9.0;15.0
290.0;Rafael;Mello;M;18.0;U;GT3;T;4.0;2.0;teacher;other;home;mother;<15m;2-5h;0.0;no;yes;yes;yes;yes;yes;yes;yes;4.0;3.0;2.0;1.0;4.0;5.0;11.0;11.0
291.0;Pedro;Judice;F;17.0;U;GT3;T;4.0;3.0;health;services;reputation;mother;<15m;5-10h;0.0;no;yes;yes;no;yes;yes;yes;no;4.0;2.0;2.0;1.0;2.0;3.0;0.0;15.0
292.0;Lucas;Parreira;F;18.0;U;LE3;T;2.0;1.0;services;at_home;reputation;mother;<15m;2-5h;1.0;no;no;no;no;yes;yes;yes;yes;5.0;4.0;3.0;1.0;1.0;5.0;12.0;13.0
293.0;Inï¿½s;Henriques;F;17.0;R;LE3;T;3.0;1.0;services;other;reputation;mother;15-30m;>10h;0.0;no;yes;yes;no;yes;yes;no;no;3.0;1.0;2.0;1.0;1.0;3.0;6.0;18.0
294.0;Pedro;Antunes;M;18.0;R;LE3;T;3.0;2.0;services;other;reputation;mother;15-30m;5-10h;0.0;no;yes;yes;yes;yes;yes;yes;no;5.0;4.0;2.0;1.0;1.0;4.0;8.0;14.0
295.0;Gustavo;Deus;M;17.0;U;GT3;T;3.0;3.0;health;other;home;mother;<15m;<2h;0.0;no;yes;yes;no;yes;yes;yes;no;4.0;4.0;3.0;1.0;3.0;5.0;4.0;11.0
297.0;Francisco;Mesquita;F;18.0;U;LE3;T;4.0;3.0;other;other;home;other;15-30m;2-5h;0.0;no;yes;yes;no;yes;yes;yes;yes;4.0;4.0;5.0;1.0;2.0;2.0;10.0;8.0
298.0;Francisca;Camacho;F;18.0;U;GT3;T;4.0;3.0;other;other;reputation;father;<15m;>10h;0.0;no;yes;yes;no;yes;yes;yes;no;4.0;3.0;3.0;1.0;1.0;3.0;0.0;14.0
299.0;Joana;Melo;M;18.0;U;LE3;T;4.0;4.0;teacher;teacher;home;mother;<15m;<2h;0.0;no;yes;yes;no;yes;yes;yes;yes;1.0;4.0;2.0;2.0;2.0;1.0;5.0;16.0
300.0;Madalena;Graca;F;18.0;U;LE3;A;4.0;4.0;health;other;home;mother;<15m;2-5h;0.0;no;yes;no;no;yes;yes;yes;yes;4.0;2.0;4.0;1.0;1.0;4.0;14.0;11.0
301.0;Mariana;Esteves;M;17.0;U;LE3;T;4.0;4.0;other;teacher;home;father;15-30m;<2h;0.0;no;no;yes;no;yes;yes;yes;no;4.0;1.0;1.0;2.0;2.0;5.0;0.0;10.0
302.0;Rafael;Rego;F;17.0;U;GT3;T;4.0;2.0;other;other;reputation;mother;15-30m;5-10h;0.0;no;yes;yes;no;yes;yes;yes;no;4.0;3.0;3.0;1.0;1.0;3.0;0.0;14.0
303.0;Madalena;Teves;F;17.0;U;GT3;T;3.0;2.0;health;health;reputation;father;<15m;>10h;0.0;no;yes;yes;yes;no;yes;yes;no;5.0;2.0;2.0;1.0;2.0;5.0;0.0;18.0
304.0;Gustavo;Correia;M;19.0;U;GT3;T;3.0;3.0;other;other;home;other;<15m;2-5h;1.0;no;yes;no;yes;yes;yes;yes;yes;4.0;4.0;4.0;1.0;1.0;3.0;20.0;13.0
305.0;Tiago;Ramires;F;18.0;U;GT3;T;2.0;4.0;services;at_home;reputation;other;<15m;2-5h;1.0;no;yes;yes;yes;yes;yes;yes;no;4.0;4.0;3.0;1.0;1.0;3.0;8.0;12.0
306.0;Salvador;Barbas;M;20.0;U;GT3;A;3.0;2.0;services;other;course;other;<15m;<2h;0.0;no;no;no;yes;yes;yes;no;no;5.0;5.0;3.0;1.0;1.0;5.0;0.0;18.0
307.0;Dinis;Prior;M;19.0;U;GT3;T;4.0;4.0;teacher;services;reputation;other;15-30m;<2h;1.0;no;yes;yes;no;yes;yes;yes;yes;4.0;3.0;4.0;1.0;1.0;4.0;38.0;8.0
308.0;Benedita;Enes;M;19.0;R;GT3;T;3.0;3.0;other;services;reputation;father;<15m;2-5h;1.0;no;no;no;yes;yes;yes;no;yes;4.0;5.0;3.0;1.0;2.0;5.0;0.0;12.0
309.0;Diana;Curro;F;19.0;U;LE3;T;1.0;1.0;at_home;other;reputation;other;<15m;2-5h;1.0;yes;yes;no;yes;no;yes;yes;no;4.0;4.0;3.0;1.0;3.0;3.0;18.0;10.0
311.0;Tiago;Mangual;F;19.0;U;GT3;T;2.0;1.0;at_home;other;other;other;30-1h;2-5h;0.0;no;yes;no;no;yes;no;yes;yes;3.0;4.0;1.0;1.0;1.0;2.0;20.0;13.0
312.0;Pedro;Gouveia;M;19.0;U;GT3;T;1.0;2.0;other;services;course;other;<15m;2-5h;1.0;no;no;no;no;no;yes;yes;no;4.0;5.0;2.0;2.0;2.0;4.0;3.0;11.0
313.0;Dinis;Paula;F;19.0;U;LE3;T;3.0;2.0;services;other;reputation;other;15-30m;2-5h;1.0;no;yes;yes;no;no;yes;yes;yes;4.0;2.0;2.0;1.0;2.0;1.0;22.0;11.0
314.0;Joana;Jeronimo;F;19.0;U;GT3;T;1.0;1.0;at_home;health;home;other;<15m;5-10h;2.0;no;no;no;no;no;yes;yes;yes;4.0;1.0;2.0;1.0;1.0;3.0;14.0;13.0
315.0;Joï¿½o;Fiel;F;19.0;R;GT3;T;2.0;3.0;other;other;reputation;other;<15m;5-10h;1.0;no;no;no;no;yes;yes;yes;yes;4.0;1.0;2.0;1.0;1.0;3.0;40.0;11.0
317.0;Clara;Monterroso;F;18.0;U;GT3;T;4.0;3.0;other;other;course;mother;<15m;5-10h;0.0;no;yes;yes;yes;yes;yes;yes;yes;4.0;3.0;4.0;1.0;1.0;5.0;9.0;9.0
318.0;Alice;Montez;F;17.0;R;GT3;T;3.0;4.0;at_home;services;course;father;<15m;5-10h;0.0;no;yes;yes;yes;no;yes;yes;no;4.0;3.0;4.0;2.0;5.0;5.0;0.0;10.0
319.0;Diana;Loureiro;F;18.0;U;GT3;T;4.0;4.0;teacher;other;course;mother;<15m;2-5h;0.0;no;yes;yes;no;yes;yes;yes;no;4.0;4.0;4.0;3.0;3.0;5.0;2.0;11.0
320.0;Dinis;Domingues;F;17.0;U;GT3;A;4.0;3.0;services;services;course;mother;<15m;2-5h;0.0;no;yes;yes;no;yes;yes;yes;yes;5.0;2.0;2.0;1.0;2.0;5.0;23.0;13.0
321.0;Camila;Dorta;F;17.0;U;GT3;T;2.0;2.0;other;other;course;mother;<15m;2-5h;0.0;no;yes;no;no;yes;yes;no;yes;4.0;2.0;2.0;1.0;1.0;3.0;12.0;9.0
322.0;Matilde;Perreira;F;17.0;R;LE3;T;2.0;2.0;services;services;course;mother;<15m;5-10h;0.0;no;yes;yes;yes;yes;yes;yes;no;3.0;3.0;2.0;2.0;2.0;3.0;3.0;11.0
323.0;Francisco;Parente;F;17.0;U;GT3;T;3.0;1.0;services;services;course;father;<15m;5-10h;0.0;no;yes;no;no;no;yes;yes;no;3.0;4.0;3.0;2.0;3.0;5.0;1.0;15.0
324.0;Lara;Caravalho;F;17.0;U;LE3;T;0.0;2.0;at_home;at_home;home;father;15-30m;5-10h;0.0;no;no;no;no;yes;yes;yes;no;3.0;3.0;3.0;2.0;3.0;2.0;0.0;15.0
325.0;Alice;Cordeiro;M;18.0;U;GT3;T;4.0;4.0;other;other;course;mother;<15m;5-10h;0.0;no;no;no;yes;yes;yes;yes;no;4.0;3.0;3.0;2.0;2.0;3.0;3.0;11.0
326.0;Sofia;Nascimento;M;17.0;U;GT3;T;3.0;3.0;other;services;reputation;mother;<15m;<2h;0.0;no;no;no;yes;no;yes;yes;no;4.0;3.0;5.0;3.0;5.0;5.0;3.0;16.0
327.0;Laura;Barbosa;M;17.0;R;GT3;T;2.0;2.0;services;other;course;mother;>1h;<2h;0.0;no;yes;no;no;yes;yes;yes;no;4.0;4.0;5.0;5.0;5.0;4.0;8.0;10.0
328.0;Lucas;Brandao;F;17.0;U;GT3;T;4.0;4.0;teacher;services;course;mother;<15m;5-10h;0.0;no;yes;yes;yes;yes;yes;yes;no;5.0;4.0;4.0;1.0;3.0;4.0;7.0;9.0
329.0;Madalena;Borba;F;17.0;U;GT3;T;4.0;4.0;teacher;teacher;course;mother;15-30m;5-10h;0.0;no;yes;yes;no;no;yes;yes;yes;4.0;3.0;3.0;1.0;2.0;4.0;4.0;14.0
330.0;Carolina;Ennes;M;18.0;U;LE3;T;2.0;2.0;other;other;course;mother;<15m;>10h;0.0;no;yes;no;yes;yes;yes;yes;no;4.0;5.0;5.0;2.0;4.0;5.0;2.0;8.0
331.0;Gustavo;Avila;F;17.0;R;GT3;T;2.0;4.0;at_home;other;course;father;<15m;5-10h;0.0;no;yes;no;no;yes;yes;yes;yes;4.0;4.0;3.0;1.0;1.0;5.0;7.0;14.0
335.0;Rafael;Espindola;F;17.0;U;GT3;T;3.0;4.0;services;other;course;mother;<15m;5-10h;0.0;no;no;no;no;yes;yes;yes;no;4.0;4.0;5.0;1.0;3.0;5.0;16.0;15.0
336.0;Francisca;Ramos;F;19.0;R;GT3;A;3.0;1.0;services;at_home;home;other;<15m;5-10h;1.0;no;no;yes;no;yes;yes;no;no;5.0;4.0;3.0;1.0;2.0;5.0;12.0;13.0
338.0;Leonor;Reis;F;18.0;U;LE3;T;3.0;3.0;services;services;home;mother;<15m;>10h;0.0;no;yes;no;no;yes;yes;yes;no;5.0;3.0;3.0;1.0;1.0;1.0;7.0;17.0
339.0;Duarte;Martins;F;17.0;R;GT3;A;3.0;2.0;other;other;home;mother;<15m;2-5h;0.0;no;yes;yes;no;yes;yes;yes;no;4.0;3.0;3.0;2.0;3.0;2.0;4.0;10.0
340.0;Matilde;Nobrega;F;19.0;U;GT3;T;2.0;1.0;services;services;home;other;<15m;5-10h;1.0;no;no;yes;yes;yes;yes;yes;yes;4.0;3.0;4.0;1.0;3.0;3.0;4.0;11.0
342.0;Mariana;Bomba;M;18.0;U;LE3;T;3.0;4.0;services;other;home;mother;<15m;2-5h;0.0;no;no;no;yes;yes;yes;yes;yes;4.0;3.0;3.0;1.0;3.0;5.0;11.0;15.0
344.0;Maria;Rebelo;F;18.0;U;GT3;T;2.0;3.0;at_home;other;course;mother;<15m;5-10h;0.0;no;yes;no;no;yes;yes;yes;no;4.0;3.0;3.0;1.0;2.0;3.0;4.0;10.0
345.0;Lara;Sampaio;F;18.0;U;GT3;T;3.0;2.0;other;services;other;mother;<15m;5-10h;0.0;no;no;no;no;yes;yes;yes;yes;5.0;4.0;3.0;2.0;3.0;1.0;7.0;14.0
346.0;Martim;Sabina;M;18.0;R;GT3;T;4.0;3.0;teacher;services;course;mother;<15m;5-10h;0.0;no;no;no;no;yes;yes;yes;yes;5.0;3.0;2.0;1.0;2.0;4.0;9.0;16.0
347.0;Mariana;Garro;M;18.0;U;GT3;T;4.0;3.0;teacher;other;course;mother;<15m;5-10h;0.0;no;yes;yes;no;yes;yes;yes;yes;5.0;4.0;5.0;2.0;3.0;5.0;0.0;9.0
348.0;Benedita;Gomes;F;17.0;U;GT3;T;4.0;3.0;health;other;reputation;mother;<15m;5-10h;0.0;no;yes;yes;yes;yes;yes;yes;yes;4.0;4.0;3.0;1.0;3.0;4.0;0.0;15.0
349.0;Afonso;Pereira;M;18.0;R;GT3;T;3.0;2.0;other;other;course;mother;15-30m;<2h;1.0;no;yes;no;no;no;yes;yes;no;2.0;5.0;5.0;5.0;5.0;5.0;10.0;13.0
350.0;Joana;Novo;M;19.0;R;GT3;T;1.0;1.0;other;services;home;other;30-1h;2-5h;3.0;no;no;no;no;yes;yes;yes;no;5.0;4.0;4.0;3.0;3.0;2.0;8.0;8.0
351.0;Matilde;Ornellas;M;17.0;U;GT3;T;3.0;3.0;health;other;course;mother;15-30m;2-5h;0.0;no;yes;yes;no;yes;yes;yes;no;4.0;5.0;4.0;2.0;3.0;3.0;2.0;13.0
352.0;Laura;Bento;M;18.0;U;LE3;T;1.0;3.0;at_home;services;course;mother;<15m;<2h;1.0;no;no;no;no;yes;no;yes;yes;4.0;3.0;3.0;2.0;3.0;3.0;7.0;8.0
353.0;Sofia;Nogueira;M;19.0;R;GT3;T;1.0;1.0;other;other;home;other;30-1h;<2h;1.0;no;yes;no;no;yes;yes;yes;no;4.0;4.0;4.0;3.0;3.0;5.0;4.0;8.0
354.0;Lara;Neto;M;17.0;R;GT3;T;4.0;3.0;services;other;home;mother;15-30m;2-5h;0.0;no;yes;yes;yes;no;yes;yes;yes;4.0;5.0;5.0;1.0;3.0;2.0;4.0;11.0
355.0;Matilde;Fagundes;F;18.0;U;GT3;T;3.0;3.0;services;services;course;father;<15m;2-5h;0.0;no;yes;no;no;yes;yes;no;yes;5.0;3.0;4.0;1.0;1.0;5.0;0.0;9.0
356.0;Dinis;Po;F;17.0;R;GT3;T;4.0;4.0;teacher;services;other;father;15-30m;2-5h;0.0;no;yes;yes;yes;yes;yes;yes;no;4.0;3.0;3.0;1.0;2.0;5.0;4.0;13.0
357.0;Miguel;Carias;F;17.0;U;LE3;A;3.0;2.0;services;other;reputation;mother;15-30m;2-5h;0.0;no;no;no;no;yes;yes;no;yes;1.0;2.0;3.0;1.0;2.0;5.0;2.0;11.0
358.0;Francisca;Lomba;M;18.0;U;LE3;T;1.0;1.0;other;services;home;father;15-30m;<2h;0.0;no;no;no;no;no;yes;yes;yes;3.0;3.0;2.0;1.0;2.0;3.0;4.0;10.0
359.0;Afonso;Bastos;F;18.0;U;LE3;T;1.0;1.0;at_home;services;course;father;15-30m;5-10h;0.0;no;no;no;no;yes;yes;yes;no;5.0;3.0;2.0;1.0;1.0;4.0;0.0;16.0
360.0;Madalena;Lessa;F;18.0;R;LE3;A;1.0;4.0;at_home;other;course;mother;30-1h;2-5h;0.0;no;no;no;no;yes;yes;no;yes;4.0;3.0;4.0;1.0;4.0;5.0;0.0;13.0
361.0;Mariana;Mina;M;18.0;R;LE3;T;1.0;1.0;at_home;other;other;mother;15-30m;2-5h;1.0;no;no;no;yes;no;no;no;no;4.0;4.0;3.0;2.0;3.0;5.0;2.0;12.0
362.0;Salvador;Narciso;F;18.0;U;GT3;T;3.0;3.0;services;services;other;mother;15-30m;2-5h;0.0;no;yes;no;no;yes;yes;yes;yes;4.0;3.0;2.0;1.0;3.0;3.0;0.0;10.0
363.0;Rafael;Pestana;F;17.0;U;LE3;T;4.0;4.0;at_home;at_home;course;mother;<15m;2-5h;0.0;no;yes;yes;yes;yes;yes;yes;yes;2.0;3.0;4.0;1.0;1.0;1.0;0.0;15.0
364.0;Guilherme;Festa;F;17.0;R;GT3;T;1.0;2.0;other;services;course;father;15-30m;2-5h;0.0;no;no;no;no;no;yes;no;no;3.0;2.0;2.0;1.0;2.0;3.0;0.0;12.0
365.0;Pedro;Moniz;M;18.0;R;GT3;T;1.0;3.0;at_home;other;course;mother;15-30m;2-5h;0.0;no;yes;yes;no;yes;yes;no;no;3.0;3.0;4.0;2.0;4.0;3.0;4.0;10.0
366.0;Duarte;Paulino;M;18.0;U;LE3;T;4.0;4.0;teacher;services;other;mother;15-30m;5-10h;0.0;no;no;yes;no;yes;yes;yes;yes;4.0;2.0;2.0;2.0;2.0;5.0;0.0;13.0
368.0;Rodrigo;Guerreiro;F;18.0;U;GT3;T;2.0;3.0;at_home;services;course;father;15-30m;<2h;0.0;no;yes;yes;no;yes;yes;yes;yes;5.0;2.0;3.0;1.0;2.0;4.0;0.0;10.0
369.0;Madalena;Troia;F;18.0;R;GT3;T;4.0;4.0;other;teacher;other;father;30-1h;2-5h;0.0;no;yes;yes;no;no;yes;yes;yes;3.0;2.0;2.0;4.0;2.0;5.0;10.0;11.0
370.0;Joana;Ramires;F;19.0;U;LE3;T;3.0;2.0;services;services;home;other;15-30m;2-5h;2.0;no;no;no;yes;yes;yes;no;yes;3.0;2.0;2.0;1.0;1.0;3.0;4.0;9.0
371.0;Tiago;De Lemos;M;18.0;R;LE3;T;1.0;2.0;at_home;services;other;father;30-1h;<2h;0.0;no;yes;yes;yes;yes;no;yes;yes;4.0;3.0;3.0;2.0;3.0;3.0;3.0;12.0
372.0;Lucas;Paulo;F;17.0;U;GT3;T;2.0;2.0;other;at_home;home;mother;<15m;5-10h;0.0;no;no;no;yes;yes;yes;no;yes;3.0;4.0;3.0;1.0;1.0;3.0;8.0;11.0
373.0;Lara;Luiz;F;17.0;R;GT3;T;1.0;2.0;other;other;course;mother;<15m;<2h;0.0;no;no;no;yes;yes;yes;yes;no;3.0;5.0;5.0;1.0;3.0;1.0;14.0;5.0
374.0;Salvador;Chaves;F;18.0;R;LE3;T;4.0;4.0;other;other;reputation;mother;15-30m;5-10h;0.0;no;no;no;no;yes;yes;yes;no;5.0;4.0;4.0;1.0;1.0;1.0;0.0;19.0
375.0;Madalena;Rosa;F;18.0;R;GT3;T;1.0;1.0;other;other;home;mother;>1h;5-10h;0.0;no;no;no;no;yes;yes;yes;no;4.0;3.0;2.0;1.0;2.0;4.0;2.0;10.0
376.0;Madalena;Quintela;F;20.0;U;GT3;T;4.0;2.0;health;other;course;other;15-30m;5-10h;2.0;no;yes;yes;no;no;yes;yes;yes;5.0;4.0;3.0;1.0;1.0;3.0;4.0;15.0
377.0;Gonï¿½alo;Goes;F;18.0;R;LE3;T;4.0;4.0;teacher;services;course;mother;<15m;2-5h;0.0;no;no;yes;yes;yes;yes;yes;no;5.0;4.0;3.0;3.0;4.0;2.0;4.0;10.0
378.0;Tomï¿½s;Brito;F;18.0;U;GT3;T;3.0;3.0;other;other;home;mother;<15m;2-5h;0.0;no;no;yes;no;yes;yes;yes;yes;4.0;1.0;3.0;1.0;2.0;1.0;0.0;15.0
379.0;Gonï¿½alo;Gaia;F;17.0;R;GT3;T;3.0;1.0;at_home;other;reputation;mother;<15m;2-5h;0.0;no;yes;yes;yes;no;yes;yes;no;4.0;5.0;4.0;2.0;3.0;1.0;17.0;10.0
380.0;Santiago;Alvernaz;M;18.0;U;GT3;T;4.0;4.0;teacher;teacher;home;father;<15m;2-5h;0.0;no;no;yes;yes;no;yes;yes;no;3.0;2.0;4.0;1.0;4.0;2.0;4.0;14.0
381.0;Rafael;Mendonca;M;18.0;R;GT3;T;2.0;1.0;other;other;other;mother;15-30m;<2h;0.0;no;no;no;yes;no;yes;yes;yes;4.0;4.0;3.0;1.0;3.0;5.0;5.0;7.0
382.0;Benedita;Lourenco;M;17.0;U;GT3;T;2.0;3.0;other;services;home;father;15-30m;2-5h;0.0;no;no;no;yes;yes;yes;yes;no;4.0;4.0;3.0;1.0;1.0;3.0;2.0;10.0
384.0;Maria;Pontes;M;18.0;R;GT3;T;4.0;2.0;other;other;home;father;15-30m;<2h;1.0;no;no;yes;no;yes;yes;no;no;5.0;4.0;3.0;4.0;3.0;3.0;14.0;5.0
385.0;Francisco;Almeida;F;18.0;R;GT3;T;2.0;2.0;at_home;other;other;mother;15-30m;5-10h;0.0;no;no;yes;no;yes;yes;no;no;5.0;3.0;3.0;1.0;3.0;4.0;2.0;10.0
386.0;Lourenï¿½o;Farinha;F;18.0;R;GT3;T;4.0;4.0;teacher;at_home;reputation;mother;30-1h;<2h;0.0;no;yes;yes;yes;yes;yes;yes;yes;4.0;4.0;3.0;2.0;2.0;5.0;7.0;6.0
388.0;Tomï¿½s;Teixeira;F;18.0;U;LE3;T;3.0;1.0;teacher;services;course;mother;<15m;2-5h;0.0;no;yes;yes;no;yes;yes;yes;no;4.0;3.0;4.0;1.0;1.0;1.0;0.0;8.0
390.0;Alice;Barcellos;M;20.0;U;LE3;A;2.0;2.0;services;services;course;other;<15m;2-5h;2.0;no;yes;yes;no;yes;yes;no;no;5.0;5.0;4.0;4.0;5.0;4.0;11.0;9.0
391.0;Rodrigo;Quintal;M;17.0;U;LE3;T;3.0;1.0;services;services;course;mother;15-30m;<2h;0.0;no;no;no;no;no;yes;yes;no;2.0;4.0;5.0;3.0;4.0;2.0;3.0;16.0
392.0;Carolina;Hiza;M;21.0;R;GT3;T;1.0;1.0;other;other;course;other;<15m;<2h;3.0;no;no;no;no;no;yes;no;no;5.0;5.0;3.0;3.0;3.0;3.0;3.0;7.0
393.0;Benedita;Amaral;M;18.0;R;LE3;T;3.0;2.0;services;other;course;mother;30-1h;<2h;0.0;no;no;no;no;no;yes;yes;no;4.0;4.0;1.0;3.0;4.0;5.0;0.0;10.0
394.0;Lourenï¿½o;Luis;M;19.0;U;LE3;T;1.0;1.0;other;at_home;course;father;<15m;<2h;0.0;no;no;no;no;yes;yes;yes;no;3.0;2.0;3.0;3.0;3.0;5.0;5.0;9.0
